job_title,location,city,salary_raw,salary_annual_inr
Backend Developer,"Egmore, Chennai, Tamil Nadu",Egmore,"From ₹19,500 a month",234000.0
Front End Developer,"Vadodara, Gujarat",Vadodara,Not specified,
Salesforce Developer,"Indore, Madhya Pradesh",Indore,Not specified,
Web Developer,"Lucknow, Uttar Pradesh",Lucknow,Not specified,
Front End Developer,"Vadodara, Gujarat",Vadodara,Not specified,
Intern PowerApps Developer,"Noida, Uttar Pradesh",Noida,"₹15,000 a month",180000.0
Graphic Design/UI-UX Intern,Remote,Remote,"₹5,000 - ₹10,000 a month",90000.0
Mobile App Team: Flutter Developer,"Saravanampatti, Coimbatore, Tamil Nadu",Saravanampatti,Not specified,
Fresher .NET/C# Developer,"Indore, Madhya Pradesh",Indore,Not specified,
Sr. Java Developer,"Bengaluru, Karnataka",Bengaluru,Not specified,
Dot Net Developer - Fresher,"Mumbai, Maharashtra",Mumbai,Not specified,
Software/Web Developer,"Jodhpur, Rajasthan",Jodhpur,Not specified,
PHP Developer Fresher / Intern,"Bapatla, Andhra Pradesh",Bapatla,"₹1,80,000 - ₹3,00,000 a year",240000.0
Java Developer,"Kolkata, West Bengal",Kolkata,Not specified,
Full Stack Developer,"Airoli, Navi Mumbai, Maharashtra",Airoli,"₹10,37,031.81 - ₹17,02,419.63 a year",1369726.0
MERN Stack Developer,"Chandigarh, Chandigarh",Chandigarh,"₹30,000 - ₹45,000 a month",450000.0
Junior QA Engineer,"Bengaluru, Karnataka",Bengaluru,Not specified,
Full Stack Developer Intern,"Mysuru, Karnataka",Mysuru,"₹5,000 - ₹12,000 a month",102000.0
Embedded Systems Developer (1,"Bengaluru, Karnataka",Bengaluru,Not specified,
ASP.NET Developer Freshers,"Ahmedabad, Gujarat",Ahmedabad,Not specified,
Software Test Engineer,"Delhi, Delhi",Delhi,"From ₹13,500 a month",162000.0
Trainee Test Engineer,"Navi Mumbai, Maharashtra",Navi Mumbai,Not specified,
Software Engineer,"Thane, Maharashtra",Thane,"₹10,000 - ₹15,000 a month",150000.0
Software Test Engineer,"Jagatpur, Ahmedabad, Gujarat",Jagatpur,"₹50,000 - ₹1,80,000 a year",115000.0
Junior IT Technician,"Domlur, Bengaluru, Karnataka",Domlur,"₹13,575.92 - ₹25,173.10 a month",232494.0
Technical Support Executive,"Bengaluru, Karnataka",Bengaluru,"₹3,00,000 - ₹4,00,000 a year",350000.0
Senior Software Test Engineer,"Kolkata, West Bengal",Kolkata,"From ₹25,000 a month",300000.0
QA Intern,"Pitampura, Delhi, Delhi",Pitampura,"₹5,000 - ₹8,000 a month",78000.0
Application Support Engineer,"Mannargudi, Tamil Nadu",Mannargudi,"₹11,000 a month",132000.0
IT Technical Support Engineer,"Nagpur, Maharashtra",Nagpur,"₹10,000 - ₹15,000 a month",150000.0
IoT Engineer,"Noida, Uttar Pradesh",Noida,"₹12,014.36 - ₹38,443.89 a month",302750.0
Hardware & Network Engineer - Fresher & Experienced - Bodakdev - Ahmedabad,"Ahmedabad, Gujarat",Ahmedabad,"₹12,000 - ₹20,000 a month",192000.0
IT Technical Support Engineer,"Mumbai, Maharashtra",Mumbai,"₹1,50,000.23 - ₹2,16,000.19 a year",183000.0
Customer Support Engineer,"Calicut, Kerala",Calicut,"₹7,500 - ₹12,000 a month",117000.0
Desktop Support Engineer (Fresher),"Andheri East, Mumbai, Maharashtra",Andheri East,"₹13,000 - ₹16,000 a month",174000.0
Technical Engineer,"Puducherry, Puducherry",Puducherry,"₹9,000 - ₹12,000 a month",126000.0
Technical Engineer,"Agartala, Tripura",Agartala,"₹10,000 - ₹15,000 a month",150000.0
Technical Support Executive,"Aarey Milk Colony, Mumbai, Maharashtra",Aarey Milk Colony,"₹10,593.94 - ₹15,000.00 a month",153564.0
Desktop Support Engineer,"Dhule, Maharashtra",Dhule,"₹8,086 - ₹10,000 a month",108516.0
Software Test Engineer,"Vadavalli, Coimbatore, Tamil Nadu",Vadavalli,"₹18,000 - ₹25,000 a month",258000.0
Support Executive,"Mumbai, Maharashtra",Mumbai,Not specified,
IOS/Android Developer,"Thiruvananthapuram, Kerala",Thiruvananthapuram,Not specified,
Wordpress Developer,"Ambala, Haryana",Ambala,"₹5,000 - ₹8,000 a month",78000.0
Asp.Net Developer,"Udaipur, Rajasthan",Udaipur,Not specified,
iOS Developer,Delhi,Delhi,Not specified,
Excellent Support Executive,"Surat, Gujarat",Surat,Not specified,
iOS Developer (React Native),"Chennai, Tamil Nadu",Chennai,Not specified,
php Developer (Laravel),"Kolkata, West Bengal",Kolkata,Not specified,
Trainee GIS Application Developer,"Hyderabad, Telangana",Hyderabad,Not specified,
Looking for Node Js Developer,"Bhilai, Chhattisgarh",Bhilai,"₹20,000 - ₹35,000 a month",330000.0
Full Stack Developer,"Mumbai, Maharashtra",Mumbai,"₹15,000 - ₹20,000 a month",210000.0
WordPress Developer,"Thergaon, Pune, Maharashtra",Thergaon,Not specified,
Junior ASP.NET Developer,"Surat, Gujarat",Surat,Not specified,
React JS Developer 3-5 Years,"Bengaluru, Karnataka",Bengaluru,"₹4,00,000 - ₹8,00,000 a year",600000.0
Junior PHP Developer,"Bengaluru, Karnataka",Bengaluru,Not specified,
Junior PHP Developer,"Delhi, Delhi",Delhi,Not specified,
Flutter Developer (Intern),"Noida, Uttar Pradesh",Noida,"₹2,00,000 - ₹3,00,000 a year",250000.0
iOS Developer,"Surat, Gujarat",Surat,"₹15,000 - ₹35,000 a month",300000.0
Software Engineer - PHP ( Full-time / Part-time Internship ),"Thane, Maharashtra",Thane,Not specified,
Full Stack Developer (.NET),"Navi Mumbai, Maharashtra",Navi Mumbai,Not specified,
Full Stack Developer,"Katargam, Surat, Gujarat",Katargam,"From ₹12,000 a month",144000.0
ASP.NET and SQL Developer,"Mahape, Maharashtra",Mahape,Not specified,
Linux Developer,"Baner, Pune, Maharashtra",Baner,"From ₹25,000 a month",300000.0
.NET Developer,"Chennai, Tamil Nadu",Chennai,Not specified,
Golang Developer,"Saket, Delhi, Delhi",Saket,Not specified,
Angular Web Developer job opening,"Ahmedabad, Gujarat",Ahmedabad,Not specified,
Flutter Developer,"Noida, Uttar Pradesh",Noida,Not specified,
Flutter Developer,"Vellore, Tamil Nadu",Vellore,"From ₹20,000 a month",240000.0
ReactJS Developer (Intern),"Dwarka, Nashik, Maharashtra",Dwarka,"₹5,000 - ₹10,000 a month",90000.0
MERN Stack Developer (Apply Only If you are from Kolkata),"Baguiati, Kolkata, West Bengal",Baguiati,"₹10,000 - ₹20,000 a month",180000.0
Technical Trainer,"Bengaluru, Karnataka",Bengaluru,Not specified,
MERN Stack Developer (Fresher) Vacancy:,"Kolkata, West Bengal",Kolkata,Not specified,
Business Developer (BDE),"Sahibzada Ajit Singh Nagar, Ludhiana, Punjab",Sahibzada Ajit Singh Nagar,Not specified,
Tr. Software Engineer (React Js),"Mohali, Punjab",Mohali,Not specified,
QA (Fresher),"Ahmedabad, Gujarat",Ahmedabad,Not specified,
Tech Support Engineer,"Goregaon, Mumbai, Maharashtra",Goregaon,"₹3,20,000 - ₹3,30,000 a year",325000.0
Electronics Fresher ? Join our Embedded team,"Kochi, Kerala",Kochi,"₹12,000 - ₹17,000 a month",174000.0
Trainee,"Calicut, Kerala",Calicut,"₹4,000 - ₹10,000 a month",84000.0
Technical Support Engineer L1,"Electronic City, Bengaluru, Karnataka",Electronic City,"₹2,80,000 - ₹4,00,000 a year",340000.0
Software Test Engineer,"Indore, Madhya Pradesh",Indore,"₹1,47,345.91 - ₹2,80,000.00 a year",213673.0
Application Engineer,"Gurugram, Haryana",Gurugram,"From ₹2,50,000 a year",250000.0
Software Engineer Trainee,"Lucknow, Uttar Pradesh",Lucknow,"From ₹5,000 a month",60000.0
Software IT Support Engineer,"Vadodara, Gujarat",Vadodara,"₹15,000 a month",180000.0
Technical Support Engineer,"Sangli, Maharashtra",Sangli,Not specified,
QA Tester,"Mohali, Punjab",Mohali,"₹9,913.10 - ₹25,000.00 a month",209479.0
Support Engineer,"Bengaluru, Karnataka",Bengaluru,Not specified,
Senior Python Developer,Remote,Remote,"₹12,000 - ₹18,000 a week",180000.0
EMBEDDED HARDWARE ENGINEER,"Pimpri-Chinchwad, Maharashtra",Pimpri-Chinchwad,"₹5,00,000.00 - ₹6,44,604.44 a year",572302.0
IT Engineer,"Mumbai, Maharashtra",Mumbai,"From ₹12,000 a month",144000.0
Computer Hardware & Network Engineer,"Salem, Tamil Nadu",Salem,"₹8,086.00 - ₹20,627.35 a month",172280.0
Flutter Developer,"Mohali, Punjab",Mohali,"₹11,000 - ₹30,000 a month",246000.0
Associate Software Engineer (Freshers),"Jaipur, Rajasthan",Jaipur,Not specified,
AWS Cloud Engineer Immediate Joiners,"Nashik, Maharashtra",Nashik,Not specified,
Backend Developer,"Egmore, Chennai, Tamil Nadu",Egmore,"From ₹19,500 a month",234000.0
Web Developer (Intern),"Navi Mumbai, Maharashtra",Navi Mumbai,Not specified,
Java Developer,"Coimbatore, Tamil Nadu",Coimbatore,Not specified,
JAVA DEVELOPER,"Pune, Maharashtra",Pune,Not specified,
Application Developer (Fresher),"Hyderabad, Telangana",Hyderabad,Not specified,
Junior Software Developer,"Indore, Madhya Pradesh",Indore,"₹3,08,000 a year",308000.0
Web Developer - Freshers,"Banaswadi, Bengaluru, Karnataka",Banaswadi,Not specified,
Software Developers Java,"Chennai, Tamil Nadu",Chennai,Not specified,
Fresher – Software Developer - Dot Net,"Ahmedabad, Gujarat",Ahmedabad,"₹15,000 - ₹20,000 a month",210000.0
Junior Developer Intern,"Goa, Goa",Goa,"₹2,000 a month",24000.0
Full stack Developer,"Saravanampatti, Coimbatore, Tamil Nadu",Saravanampatti,Not specified,
Junior Web Developer (Trainee),"Bengaluru, Karnataka",Bengaluru,Not specified,
Software Developers Fresher,"Jaipur, Rajasthan",Jaipur,Not specified,
IIB Developer Freshers,"Hyderabad, Telangana",Hyderabad,"₹3,14,016.66 - ₹14,45,619.38 a year",879818.0
Software Developer,"Malad, Mumbai, Maharashtra",Malad,"₹12,000 - ₹40,000 a month",312000.0
Web developer,"Mumbai, Maharashtra",Mumbai,Not specified,
Next.Js Developer Fresher,Remote,Remote,Not specified,
Developer Trainee,"Cannanore, Kerala",Cannanore,Not specified,
Software Developers,"Bhopal, Madhya Pradesh",Bhopal,Not specified,
Software Engineer / Developer (.Net Technologies),"Mumbai, Maharashtra",Mumbai,Not specified,
Java Freshers,"Delhi, Delhi",Delhi,Not specified,
Backend Developer,"Egmore, Chennai, Tamil Nadu",Egmore,"From ₹19,500 a month",234000.0
Java Developer (Fresher),"Navi Mumbai, Maharashtra",Navi Mumbai,Not specified,
Web Developer (Intern),"Navi Mumbai, Maharashtra",Navi Mumbai,Not specified,
Java Developer,"Coimbatore, Tamil Nadu",Coimbatore,Not specified,
Web Development Intern,"Bengaluru, Karnataka",Bengaluru,Not specified,
Associate Developer - Scala,Remote,Remote,"₹12,000 - ₹30,000 a month",252000.0
Software Developer,"Bengaluru, Karnataka",Bengaluru,Not specified,
JAVA DEVELOPER,"Pune, Maharashtra",Pune,Not specified,
Java Developer,"Tiruchchirappalli, Tamil Nadu",Tiruchchirappalli,Not specified,
Application Developer (Fresher),"Hyderabad, Telangana",Hyderabad,Not specified,
Fresher Software Developer,"Gadarwara, Madhya Pradesh",Gadarwara,Not specified,
Junior Software Developer,"Indore, Madhya Pradesh",Indore,"₹3,08,000 a year",308000.0
Web Developer - Freshers,"Banaswadi, Bengaluru, Karnataka",Banaswadi,Not specified,
Software Developer,"Ahmedabad, Gujarat",Ahmedabad,Not specified,
Web Developer Intern,"Kochi, Kerala",Kochi,Not specified,
Trainee Software Developers ( Freshers ),"Hyderabad, Telangana",Hyderabad,Not specified,
Software Developers Java,"Chennai, Tamil Nadu",Chennai,Not specified,
Fresher – Software Developer - Dot Net,"Ahmedabad, Gujarat",Ahmedabad,"₹15,000 - ₹20,000 a month",210000.0
Software Developer,"Mohali, Punjab",Mohali,"₹2,00,000 - ₹2,40,000 a year",220000.0
SOFTWARE DEVELOPER,"Chennai, Tamil Nadu",Chennai,Not specified,
Software Developer,"Chennai, Tamil Nadu",Chennai,Not specified,
Java Freshers,"Delhi, Delhi",Delhi,Not specified,
Backend Developer,"Egmore, Chennai, Tamil Nadu",Egmore,"From ₹19,500 a month",234000.0
Trainee Software Developer,"Indore, Madhya Pradesh",Indore,Not specified,
Java Developer (Fresher),"Navi Mumbai, Maharashtra",Navi Mumbai,Not specified,
Software Engineer (Fresher) - TI,"Bengaluru, Karnataka",Bengaluru,"₹3,00,000 - ₹5,00,000 a year",400000.0
Software Intern,Remote,Remote,Not specified,
Web Developer (Intern),"Navi Mumbai, Maharashtra",Navi Mumbai,Not specified,
Java Developer,"Coimbatore, Tamil Nadu",Coimbatore,Not specified,
Web Development Intern,"Bengaluru, Karnataka",Bengaluru,Not specified,
Associate Developer - Scala,Remote,Remote,"₹12,000 - ₹30,000 a month",252000.0
Software Developer,"Chennai, Tamil Nadu",Chennai,Not specified,
Software Developer,"Ramanatha Puram, Coimbatore, Tamil Nadu",Ramanatha Puram,Not specified,
Software Developer,"Bengaluru, Karnataka",Bengaluru,Not specified,
JAVA DEVELOPER,"Pune, Maharashtra",Pune,Not specified,
Software Developer,"Jayanagar, Bengaluru, Karnataka",Jayanagar,Not specified,
Software Developer Trainee,"Delhi, Delhi",Delhi,"₹10,651.50 - ₹31,285.04 a month",251619.0
SOFTWARE DEVELOPER,"Noida, Uttar Pradesh",Noida,Not specified,
Java Developer,"Tiruchchirappalli, Tamil Nadu",Tiruchchirappalli,Not specified,
Sr. Software Engineer (Team Lead),"Gurugram, Haryana",Gurugram,"₹30,00,000 - ₹40,00,000 a year",3500000.0
Desktop Support Engineer - Navi Mumbai - Experienced/Freshers,"Navi Mumbai, Maharashtra",Navi Mumbai,"₹2,30,000 - ₹2,40,000 a year",235000.0
Customer Support Engineer,"Vadodara, Gujarat",Vadodara,Not specified,
Software Engineer - Frontend (Angular),"Andheri, Mumbai, Maharashtra",Andheri,"Up to ₹5,00,000 a year",500000.0
Associate Technical Support Engineer,"Bengaluru, Karnataka",Bengaluru,Not specified,
Software Engineer Intern(Freshers),"Thiruvananthapuram, Kerala",Thiruvananthapuram,"₹10,000 - ₹18,000 a month",168000.0
Cloud Engineer(Experience),"Mumbai, Maharashtra",Mumbai,"₹15,000 - ₹22,000 a day",222000.0
Apprenticeship,"Trichur, Kerala",Trichur,"₹10,000 - ₹12,000 a month",132000.0
Senior UI/UX Designer,"Calicut, Kerala",Calicut,Not specified,
Firmware Engineer,"Verna, Goa",Verna,Not specified,
Intern Embedded Engineer,"Gurugram, Haryana",Gurugram,"₹8,000 - ₹10,000 a month",108000.0
Software Test Engineer -Fresher,"Perungudi, Chennai, Tamil Nadu",Perungudi,"From ₹50,000 a year",50000.0
Software Engineer,"Calicut, Kerala",Calicut,Not specified,
SAP Junior Software Engineer,"Coimbatore, Tamil Nadu",Coimbatore,"₹10,000 - ₹30,000 a month",240000.0
Junior Software Engineer,"Tiruchchirappalli, Tamil Nadu",Tiruchchirappalli,"From ₹2,00,000 a year",200000.0
Software Engineer (Freshers),"Wakad, Pune, Maharashtra",Wakad,"₹4,00,000 - ₹8,00,000 a year",600000.0
Software Engineer,"Indore, Madhya Pradesh",Indore,"₹1,60,000.00 - ₹3,10,630.38 a year",235315.0
Tr. Software Engineer (React Js),"Mohali, Punjab",Mohali,Not specified,
QA (Fresher),"Ahmedabad, Gujarat",Ahmedabad,Not specified,
Network Engineer,"Kochi, Kerala",Kochi,"₹12,000 - ₹17,000 a month",174000.0
Backend Developer,"Egmore, Chennai, Tamil Nadu",Egmore,"From ₹19,500 a month",234000.0
Web Developer (Intern),"Navi Mumbai, Maharashtra",Navi Mumbai,Not specified,
JAVA DEVELOPER,"Pune, Maharashtra",Pune,Not specified,
Software Developers Java,"Chennai, Tamil Nadu",Chennai,Not specified,
Fresher – Software Developer - Dot Net,"Ahmedabad, Gujarat",Ahmedabad,"₹15,000 - ₹20,000 a month",210000.0
Junior Developer Intern,"Goa, Goa",Goa,"₹2,000 a month",24000.0
Full stack Developer,"Saravanampatti, Coimbatore, Tamil Nadu",Saravanampatti,Not specified,
Junior Web Developer (Trainee),"Bengaluru, Karnataka",Bengaluru,Not specified,
Web developer,"Mumbai, Maharashtra",Mumbai,Not specified,
Developer Trainee,"Cannanore, Kerala",Cannanore,Not specified,
Software Developers,"Bhopal, Madhya Pradesh",Bhopal,Not specified,
Software Engineer / Developer (.Net Technologies),"Mumbai, Maharashtra",Mumbai,Not specified,
Python Developer - Fresher / Intern / Trainee,"Surat, Gujarat",Surat,"₹6,000 - ₹15,000 a month",126000.0
Trainee Software Developer Fresher,"Vadodara, Gujarat",Vadodara,Not specified,
Software Developer Intern,"Noida, Uttar Pradesh",Noida,Not specified,
Developer - FullStack (Python),"Bengaluru, Karnataka",Bengaluru,Not specified,
Python Developer,"Saket, Delhi, Delhi",Saket,Not specified,
Software Test Engineer,"Bengaluru, Karnataka",Bengaluru,"Up to ₹3,00,000 a year",300000.0
Python Developer,"Trichur, Kerala",Trichur,Not specified,
MERN Stack Fresher,"Thane, Maharashtra",Thane,"₹12,000 - ₹25,000 a month",222000.0
Software Fresher Interns,Remote,Remote,Not specified,
Software Developer - Fresher,"Lucknow, Uttar Pradesh",Lucknow,Not specified,
Python Developer,"Kochi, Kerala",Kochi,Not specified,
Software Developer,"Bengaluru, Karnataka",Bengaluru,Not specified,
Software Developers - FRESHERS,Tamil Nadu,Tamil Nadu,Not specified,
SOFTWARE DEVELOPER,"Chennai, Tamil Nadu",Chennai,Not specified,
Java J2EE / WEB / API developers,"Bengaluru, Karnataka",Bengaluru,"₹2,40,000 - ₹6,00,000 a year",420000.0
Software Developer Intern,"Thiruvananthapuram, Kerala",Thiruvananthapuram,Not specified,
Software Developer,"Hyderabad, Telangana",Hyderabad,"₹3,50,000 - ₹4,50,000 a year",400000.0
Software Developer,"Chennai, Tamil Nadu",Chennai,Not specified,
Software Developer/Front-end,"Kolkata, West Bengal",Kolkata,Not specified,
Web Developer,"Calicut, Kerala",Calicut,"₹10,000 - ₹15,000 a month",150000.0
Software Engineer,"Irinjalakuda, Kerala",Irinjalakuda,Not specified,
Software Developer,"Chennai, Tamil Nadu",Chennai,Not specified,
Java Freshers,"Delhi, Delhi",Delhi,Not specified,
Software Developer - Front-end,"Delhi, Delhi",Delhi,Not specified,
Backend Developer,"Egmore, Chennai, Tamil Nadu",Egmore,"From ₹19,500 a month",234000.0
Trainee Software Developer,"Indore, Madhya Pradesh",Indore,Not specified,
Java Developer (Fresher),"Navi Mumbai, Maharashtra",Navi Mumbai,Not specified,
Software Engineer (Fresher) - TI,"Bengaluru, Karnataka",Bengaluru,"₹3,00,000 - ₹5,00,000 a year",400000.0
Quality Analyst Intern,"Satellite, Ahmedabad, Gujarat",Satellite,"₹5,000 - ₹7,000 a month",72000.0
Python Full Stack Developer Intern,"Pune, Maharashtra",Pune,"₹4,000 - ₹5,000 a month",54000.0
Angular Developer Intern,"Noida, Uttar Pradesh",Noida,"₹5,000 a month",60000.0
IOS Developer,"Hyderabad, Telangana",Hyderabad,Not specified,
Sr. iOS Developer,"Surat, Gujarat",Surat,Not specified,
Jr. PHP Developer,"Mohali, Punjab",Mohali,"₹5,000 - ₹15,000 a month",120000.0
IOS Developer,"Mohali, Punjab",Mohali,"₹10,000 - ₹50,000 a month",360000.0
MBA Internship,"Noida, Uttar Pradesh",Noida,"₹15,000 - ₹25,000 a month",240000.0
Flutter Developer,"Mohali, Punjab",Mohali,"₹10,000 - ₹20,000 a month",180000.0
Dot Net Developer,"Mohali, Punjab",Mohali,"₹15,000 - ₹40,000 a month",330000.0
Flutter Developer,"Surat, Gujarat",Surat,"₹10,000 - ₹25,000 a month",210000.0
CodeIgniter (Framework of PHP),"Nalasopara, Mumbai, Maharashtra",Nalasopara,"₹8,000 - ₹15,000 a month",138000.0
Ruby on Rails Developer,"New Mankapur, Nagpur, Maharashtra",New Mankapur,"₹1,20,000.49 - ₹2,50,000.73 a year",185001.0
PHP Developer,"Nagercoil, Tamil Nadu",Nagercoil,"₹10,000 - ₹25,000 a month",210000.0
React Native Developer,"Mota Varachha, Surat, Gujarat",Mota Varachha,Not specified,
PHP Web Developer,"Kolkata, West Bengal",Kolkata,"₹10,000 - ₹25,000 a month",210000.0
iOS Team Leader,"Surat, Gujarat",Surat,Not specified,
Flutter Developer,"Mohali, Punjab",Mohali,"₹11,000 - ₹30,000 a month",246000.0
JUNIOR PYTHON DEVELOPER - FEMALE,"Gandhipuram, Coimbatore, Tamil Nadu",Gandhipuram,"₹8,000 - ₹10,000 a month",108000.0
FEMALE JUNIOR PYTHON DEVELOPER,"Gandhipuram, Coimbatore, Tamil Nadu",Gandhipuram,"₹8,000 - ₹10,000 a month",108000.0
Backend Developer,"Egmore, Chennai, Tamil Nadu",Egmore,"From ₹19,500 a month",234000.0
MERN Stack Fresher,"Thane, Maharashtra",Thane,"₹12,000 - ₹25,000 a month",222000.0
Web Developer,"Lucknow, Uttar Pradesh",Lucknow,Not specified,
Full stack Developer Fresher,"Saravanampatti, Coimbatore, Tamil Nadu",Saravanampatti,"₹5,000 - ₹10,000 a month",90000.0
Front End Developer,"Vadodara, Gujarat",Vadodara,Not specified,
Salesforce Developer,"Indore, Madhya Pradesh",Indore,Not specified,
Embedded Software Developer,"Vadodara, Gujarat",Vadodara,Not specified,
IQ012 Full-stack Web Platform Developer,"Bengaluru, Karnataka",Bengaluru,Not specified,
Python Developer Intern,"Calicut, Kerala",Calicut,"₹3,500 - ₹12,000 a month",93000.0
Web Developer,"Lucknow, Uttar Pradesh",Lucknow,Not specified,
Backend Developer,"Mumbai, Maharashtra",Mumbai,Not specified,
Front-End Web Developer,"Surat, Gujarat",Surat,Not specified,
Data Base Developer,Delhi,Delhi,Not specified,
Front End Developer,"Vadodara, Gujarat",Vadodara,Not specified,
Intern PowerApps Developer,"Noida, Uttar Pradesh",Noida,"₹15,000 a month",180000.0
Angular Developer Intern/Fresher,"Noida, Uttar Pradesh",Noida,Not specified,
Graphic Design/UI-UX Intern,Remote,Remote,"₹5,000 - ₹10,000 a month",90000.0
Mobile App Team: Flutter Developer,"Saravanampatti, Coimbatore, Tamil Nadu",Saravanampatti,Not specified,
Fresher .NET/C# Developer,"Indore, Madhya Pradesh",Indore,Not specified,
Sr. Java Developer,"Bengaluru, Karnataka",Bengaluru,Not specified,
Fresher 2024 | Software Developer,"Chennai, Tamil Nadu",Chennai,Not specified,
Software Developers-Fresher,Remote,Remote,Not specified,
Software Developer,"Coimbatore, Tamil Nadu",Coimbatore,Not specified,
Software Engineer/Developer – Fresher/Experienced,Delhi,Delhi,"₹2,10,000 - ₹3,00,000 a year",255000.0
Software Developer - Fresher,"Calicut, Kerala",Calicut,Not specified,
Software Engineer Fresher,"Thiruvananthapuram, Kerala",Thiruvananthapuram,Not specified,
TRAINEE SOFTWARE DEVELOPER,"Thane, Maharashtra",Thane,"₹2,00,000 - ₹2,40,000 a year",220000.0
Software Fresher Interns,Remote,Remote,Not specified,
Software Developer - Fresher,"Lucknow, Uttar Pradesh",Lucknow,Not specified,
Software Developer Intern,"Calicut, Kerala",Calicut,"₹2,15,033.36 - ₹8,65,631.13 a year",540332.0
Software Engineer Trainee - Freshers,"Tirunelveli, Tamil Nadu",Tirunelveli,Not specified,
Software Developer L1,"Delhi, Delhi",Delhi,Not specified,
Python Developer,"Kochi, Kerala",Kochi,Not specified,
Junior Software Developer,India,India,Not specified,
Software Developer,"Bengaluru, Karnataka",Bengaluru,Not specified,
Software Developers - FRESHERS,Tamil Nadu,Tamil Nadu,Not specified,
Software Developer,"Puducherry, Puducherry",Puducherry,Not specified,
SOFTWARE DEVELOPER,"Chennai, Tamil Nadu",Chennai,Not specified,
Software Developers,India,India,"₹3,50,000 - ₹4,80,000 a year",415000.0
Java J2EE / WEB / API developers,"Bengaluru, Karnataka",Bengaluru,"₹2,40,000 - ₹6,00,000 a year",420000.0
Technical Support Executive,"Aarey Milk Colony, Mumbai, Maharashtra",Aarey Milk Colony,"₹10,593.94 - ₹15,000.00 a month",153564.0
Software Test Engineer,"Vadavalli, Coimbatore, Tamil Nadu",Vadavalli,"₹18,000 - ₹25,000 a month",258000.0
Software Engineer,"Bengaluru, Karnataka",Bengaluru,Not specified,
Developer/ Software Engineer (Web/ App/ Game),"Patan, Gujarat",Patan,"₹15,000 - ₹40,000 a month",330000.0
Technical Support Engineer (Trainee),"Delhi, Delhi",Delhi,"₹1,20,000 - ₹1,80,000 a year",150000.0
Embedded Firmware Engineer (Microcontroller) (Fresher),"Ahmedabad, Gujarat",Ahmedabad,Not specified,
Software Engineer,"Hyderabad, Telangana",Hyderabad,Not specified,
Embedded Firmware Engineer (Linux) (Fresher),"Ahmedabad, Gujarat",Ahmedabad,Not specified,
Hardware & Network Engineer,"Delhi, Delhi",Delhi,"₹15,000 - ₹20,000 a month",210000.0
Senior Web Engineer,"Rajendra Nagar, Indore, Madhya Pradesh",Rajendra Nagar,Not specified,
"ASP.NET MVC Developer (Ahmedabad, Gujarat)","Ahmedabad, Gujarat",Ahmedabad,Not specified,
Desktop Support Engineer DL1 Support Chennai Location (Field ),"Chennai, Tamil Nadu",Chennai,"₹1,56,000 - ₹2,00,000 a year",178000.0
Customer Support Engineer,"Trichur, Kerala",Trichur,"₹15,000 - ₹18,000 a month",198000.0
Junior Software Engineer,"Kottayam, Kerala",Kottayam,"From ₹15,000 a month",180000.0
Senior Software Engineer (NodeJS/JavaScript/GCP),"Pune, Maharashtra",Pune,Not specified,
Full Stack Developer,"Mumbai, Maharashtra",Mumbai,"₹15,000 - ₹20,000 a month",210000.0
Embedded Software Developer,"Ahmedabad, Gujarat",Ahmedabad,Not specified,
Quality Analyst (Manual Tester),"Salt Lake, Kolkata, West Bengal",Salt Lake,"₹96,000 - ₹2,20,000 a year",158000.0
Software Engineer,"Katargam, Surat, Gujarat",Katargam,"₹8,000 - ₹15,000 a month",138000.0
MANAGER,"Madurai, Tamil Nadu",Madurai,Not specified,
Looking for Node Js Developer,"Bhilai, Chhattisgarh",Bhilai,"₹20,000 - ₹35,000 a month",330000.0
Full Stack Developer,"Katargam, Surat, Gujarat",Katargam,"From ₹12,000 a month",144000.0
Flutter Developer,"Vellore, Tamil Nadu",Vellore,"From ₹20,000 a month",240000.0
Quality Analyst Intern,"Satellite, Ahmedabad, Gujarat",Satellite,"₹5,000 - ₹7,000 a month",72000.0
Python Full Stack Developer Intern,"Pune, Maharashtra",Pune,"₹4,000 - ₹5,000 a month",54000.0
Junior PHP Developer,"Bhavnagar, Gujarat",Bhavnagar,"₹9,000 - ₹40,000 a month",294000.0
FLUTTER DEVELOPER,"Ahmedabad, Gujarat",Ahmedabad,Not specified,
Python Developer - Javascript/Linux,"Noida, Uttar Pradesh",Noida,Not specified,
Angular Developer Intern,"Noida, Uttar Pradesh",Noida,"₹5,000 a month",60000.0
iOS Developer - Fresher,"Sahibzada Ajit Singh Nagar, Ludhiana, Punjab",Sahibzada Ajit Singh Nagar,Not specified,
React Native Developer,"Calicut, Kerala",Calicut,"₹8,000 - ₹25,000 a month",198000.0
PHP Developer,"Indore, Madhya Pradesh",Indore,Not specified,
PHP Web Developer,"Noida, Uttar Pradesh",Noida,"₹8,000 - ₹20,000 a month",168000.0
React Native Developers” (Mobile App Developer),"Palghar, Maharashtra",Palghar,Not specified,
IOS Developer,"Hyderabad, Telangana",Hyderabad,Not specified,
Sr. iOS Developer,"Surat, Gujarat",Surat,Not specified,
Developer eLeaning,"Bhubaneswar, Orissa",Bhubaneswar,"₹7,000 - ₹10,000 a month",102000.0
ASP.NET Developer,"Pune, Maharashtra",Pune,"₹9,891.50 - ₹47,389.84 a month",343688.0
Laravel Developer,"Vellore, Tamil Nadu",Vellore,Not specified,
PHP Developer Trainee,"Adajan, Surat, Gujarat",Adajan,"₹8,000 - ₹14,000 a month",132000.0
Backend Developer,"Egmore, Chennai, Tamil Nadu",Egmore,"From ₹19,500 a month",234000.0
Sr. Java Developer,"Bengaluru, Karnataka",Bengaluru,Not specified,
Dot Net Developer - Fresher,"Mumbai, Maharashtra",Mumbai,Not specified,
ASP.NET Developer Freshers,"Ahmedabad, Gujarat",Ahmedabad,Not specified,
Jr. Flutter Developer (Fresher),"Indore, Madhya Pradesh",Indore,Not specified,
Web Developer,"Thane, Maharashtra",Thane,"₹15,000 - ₹20,000 a month",210000.0
JavaScript Developer,"Vadodara, Gujarat",Vadodara,Not specified,
React Native Developer,"Chennai, Tamil Nadu",Chennai,"₹10,000 - ₹50,000 a month",360000.0
Tech Lead / Senior / Junior Software Engineer – Java,"Mumbai, Maharashtra",Mumbai,Not specified,
Jr. Node js developer,"Malad, Mumbai, Maharashtra",Malad,"₹1,08,000 - ₹3,60,000 a year",234000.0
Full Stack Developer (Node / Mongo / React),"Chennai, Tamil Nadu",Chennai,Not specified,
Web Developer,"T Nagar, Chennai, Tamil Nadu",T Nagar,Not specified,
.Net Developer (Software Engineer - .Net),"Ahmedabad, Gujarat",Ahmedabad,Not specified,
.Net Developer (Software Engineer - .Net),"Ahmedabad, Gujarat",Ahmedabad,Not specified,
Trainee GIS Application Developer,"Hyderabad, Telangana",Hyderabad,Not specified,
Looking for Node Js Developer,"Bhilai, Chhattisgarh",Bhilai,"₹20,000 - ₹35,000 a month",330000.0
Software Engineer / Developer (Laravel and Angular framework),"Mumbai, Maharashtra",Mumbai,Not specified,
Full Stack Developer,"Mumbai, Maharashtra",Mumbai,"₹15,000 - ₹20,000 a month",210000.0
Web Developer,"Noida, Uttar Pradesh",Noida,Not specified,
WordPress Developer,"Thergaon, Pune, Maharashtra",Thergaon,Not specified,
Looking for Node Js Developer,"Bhilai, Chhattisgarh",Bhilai,"₹20,000 - ₹35,000 a month",330000.0
Full Stack Developer,"Mumbai, Maharashtra",Mumbai,"₹15,000 - ₹20,000 a month",210000.0
WordPress Developer,"Thergaon, Pune, Maharashtra",Thergaon,Not specified,
Junior ASP.NET Developer,"Surat, Gujarat",Surat,Not specified,
Junior PHP Developer,"Bengaluru, Karnataka",Bengaluru,Not specified,
Flutter Developer (Intern),"Noida, Uttar Pradesh",Noida,"₹2,00,000 - ₹3,00,000 a year",250000.0
iOS Developer,"Surat, Gujarat",Surat,"₹15,000 - ₹35,000 a month",300000.0
Software Engineer - PHP ( Full-time / Part-time Internship ),"Thane, Maharashtra",Thane,Not specified,
Full Stack Developer (.NET),"Navi Mumbai, Maharashtra",Navi Mumbai,Not specified,
Full Stack Developer,"Katargam, Surat, Gujarat",Katargam,"From ₹12,000 a month",144000.0
ASP.NET and SQL Developer,"Mahape, Maharashtra",Mahape,Not specified,
Linux Developer,"Baner, Pune, Maharashtra",Baner,"From ₹25,000 a month",300000.0
.NET Developer,"Chennai, Tamil Nadu",Chennai,Not specified,
Golang Developer,"Saket, Delhi, Delhi",Saket,Not specified,
Angular Web Developer job opening,"Ahmedabad, Gujarat",Ahmedabad,Not specified,
Flutter Developer,"Vellore, Tamil Nadu",Vellore,"From ₹20,000 a month",240000.0
React.js Developer,"Vadodara, Gujarat",Vadodara,Not specified,
QA QA Engineer (Automation),"Rajkot, Gujarat",Rajkot,Not specified,
Flutter Developer Jobs,"Mira Road, Mumbai, Maharashtra",Mira Road,"₹1,50,000 - ₹4,50,000 a year",300000.0
Android Developer,"Bengaluru, Karnataka",Bengaluru,Not specified,
QA QA Engineer (Automation),"Rajkot, Gujarat",Rajkot,Not specified,
DOT NET WEB DEVELOPER,"Bengaluru, Karnataka",Bengaluru,Not specified,
Junior IOS Developer,"Calicut, Kerala",Calicut,Not specified,
Quality Analyst Intern,"Satellite, Ahmedabad, Gujarat",Satellite,"₹5,000 - ₹7,000 a month",72000.0
Android Developer (JAVA/ XML/ SQLite/ Realm Java/ Retrofit),"Chennai, Tamil Nadu",Chennai,Not specified,
iPhone Developer,"Coimbatore, Tamil Nadu",Coimbatore,Not specified,
Jr. IOS Developer (Immediate Joinee),"Bhugaon, Pune, Maharashtra",Bhugaon,Not specified,
Angular Developer Intern,"Noida, Uttar Pradesh",Noida,"₹5,000 a month",60000.0
Web/PHP CodeIgniter Developer,"Mira Road, Mumbai, Maharashtra",Mira Road,"₹2,40,000 - ₹8,00,000 a year",520000.0
Business Analyst – Content Developer Kolkata,"Kolkata, West Bengal",Kolkata,Not specified,
Angular Developer (Experienced),"Hyderabad, Telangana",Hyderabad,Not specified,
Ruby on Rails (ROR) Developer (Freshers welcome),"Gurugram, Haryana",Gurugram,Not specified,
iOS Developer,"Rajkot, Gujarat",Rajkot,Not specified,
PHP Developer,"Thergaon, Pune, Maharashtra",Thergaon,Not specified,
Sr. iOS Developer,"Surat, Gujarat",Surat,Not specified,
Jr. Java Developer,"Udaipur, Rajasthan",Udaipur,Not specified,
Flutter Developer,"Jaipur, Rajasthan",Jaipur,Not specified,
IOS Developer,"Surat, Gujarat",Surat,Not specified,
PHP Developer,"Thane, Maharashtra",Thane,Not specified,
PHP Developer,"Nagpur, Maharashtra",Nagpur,Not specified,
Backend Developer,"Egmore, Chennai, Tamil Nadu",Egmore,"From ₹19,500 a month",234000.0
Front End Developer,"Vadodara, Gujarat",Vadodara,Not specified,
Front End Developer,"Vadodara, Gujarat",Vadodara,Not specified,
Intern PowerApps Developer,"Noida, Uttar Pradesh",Noida,"₹15,000 a month",180000.0
Sr. Java Developer,"Bengaluru, Karnataka",Bengaluru,Not specified,
Dot Net Developer - Fresher,"Mumbai, Maharashtra",Mumbai,Not specified,
PHP Developer Fresher / Intern,"Bapatla, Andhra Pradesh",Bapatla,"₹1,80,000 - ₹3,00,000 a year",240000.0
MERN Stack Developer,"Chandigarh, Chandigarh",Chandigarh,"₹30,000 - ₹45,000 a month",450000.0
Junior QA Engineer,"Bengaluru, Karnataka",Bengaluru,Not specified,
Full Stack Developer Intern,"Mysuru, Karnataka",Mysuru,"₹5,000 - ₹12,000 a month",102000.0
Embedded Systems Developer (1,"Bengaluru, Karnataka",Bengaluru,Not specified,
ASP.NET Developer Freshers,"Ahmedabad, Gujarat",Ahmedabad,Not specified,
Jr. Flutter Developer (Fresher),"Indore, Madhya Pradesh",Indore,Not specified,
React.js Developer,"Anand, Gujarat",Anand,Not specified,
React Developer (Freshers Welcome),"Gurugram, Haryana",Gurugram,Not specified,
UI/UX DEVELOPER,"Bhubaneswar, Orissa",Bhubaneswar,Not specified,
Web Developer,"Thane, Maharashtra",Thane,"₹15,000 - ₹20,000 a month",210000.0
JavaScript Developer,"Vadodara, Gujarat",Vadodara,Not specified,
React Native Developer,"Chennai, Tamil Nadu",Chennai,"₹10,000 - ₹50,000 a month",360000.0
React Native Front-end Developer Trainee,Remote,Remote,Not specified,
Backend Developer,"Egmore, Chennai, Tamil Nadu",Egmore,"From ₹19,500 a month",234000.0
Web Developer (Intern),"Navi Mumbai, Maharashtra",Navi Mumbai,Not specified,
Java Developer,"Coimbatore, Tamil Nadu",Coimbatore,Not specified,
Web Development Intern,"Bengaluru, Karnataka",Bengaluru,Not specified,
Associate Developer - Scala,Remote,Remote,"₹12,000 - ₹30,000 a month",252000.0
JAVA DEVELOPER,"Pune, Maharashtra",Pune,Not specified,
Java Developer,"Tiruchchirappalli, Tamil Nadu",Tiruchchirappalli,Not specified,
Application Developer (Fresher),"Hyderabad, Telangana",Hyderabad,Not specified,
Junior Software Developer,"Indore, Madhya Pradesh",Indore,"₹3,08,000 a year",308000.0
Web Developer - Freshers,"Banaswadi, Bengaluru, Karnataka",Banaswadi,Not specified,
Trainee Software Developers ( Freshers ),"Hyderabad, Telangana",Hyderabad,Not specified,
Software Developers Java,"Chennai, Tamil Nadu",Chennai,Not specified,
Fresher – Software Developer - Dot Net,"Ahmedabad, Gujarat",Ahmedabad,"₹15,000 - ₹20,000 a month",210000.0
Software Developer,"Mohali, Punjab",Mohali,"₹2,00,000 - ₹2,40,000 a year",220000.0
Junior Developer Intern,"Goa, Goa",Goa,"₹2,000 a month",24000.0
Software Developers Trainee (.Net),Kerala,Kerala,Not specified,
Full stack Developer,"Saravanampatti, Coimbatore, Tamil Nadu",Saravanampatti,Not specified,
Junior Web Developer (Trainee),"Bengaluru, Karnataka",Bengaluru,Not specified,
SOFTWARE DEVELOPMENT AND R&D,"Bengaluru, Karnataka",Bengaluru,Not specified,
Web / UI Developer (HTML5 / CSS3 / JavaScript),"Chennai, Tamil Nadu",Chennai,Not specified,
Backend Developer,"Egmore, Chennai, Tamil Nadu",Egmore,"From ₹19,500 a month",234000.0
Web Developer,"Lucknow, Uttar Pradesh",Lucknow,Not specified,
Front End Developer,"Vadodara, Gujarat",Vadodara,Not specified,
Salesforce Developer,"Indore, Madhya Pradesh",Indore,Not specified,
Embedded Software Developer,"Vadodara, Gujarat",Vadodara,Not specified,
Web Developer,"Lucknow, Uttar Pradesh",Lucknow,Not specified,
Front End Developer,"Vadodara, Gujarat",Vadodara,Not specified,
Intern PowerApps Developer,"Noida, Uttar Pradesh",Noida,"₹15,000 a month",180000.0
Graphic Design/UI-UX Intern,Remote,Remote,"₹5,000 - ₹10,000 a month",90000.0
Mobile App Team: Flutter Developer,"Saravanampatti, Coimbatore, Tamil Nadu",Saravanampatti,Not specified,
Fresher .NET/C# Developer,"Indore, Madhya Pradesh",Indore,Not specified,
Sr. Java Developer,"Bengaluru, Karnataka",Bengaluru,Not specified,
Dot Net Developer - Fresher,"Mumbai, Maharashtra",Mumbai,Not specified,
Software Developers,"Ahmedabad, Gujarat",Ahmedabad,Not specified,
Software/Web Developer,"Jodhpur, Rajasthan",Jodhpur,Not specified,
PHP Developer Fresher / Intern,"Bapatla, Andhra Pradesh",Bapatla,"₹1,80,000 - ₹3,00,000 a year",240000.0
Java Developer,"Kolkata, West Bengal",Kolkata,Not specified,
Java Developer,"Bengaluru, Karnataka",Bengaluru,Not specified,
Full Stack Developer,"Airoli, Navi Mumbai, Maharashtra",Airoli,"₹10,37,031.81 - ₹17,02,419.63 a year",1369726.0
MERN Stack Developer,"Chandigarh, Chandigarh",Chandigarh,"₹30,000 - ₹45,000 a month",450000.0
Design Engineer (CATIA Software) Female candidate only,"Pune, Maharashtra",Pune,"₹12,000 - ₹15,000 a month",162000.0
Technical Support Engineer Trainee,"Chennai, Tamil Nadu",Chennai,"₹12,000 - ₹15,000 a month",162000.0
Senior Platform Engineer,"Thiruvananthapuram, Kerala",Thiruvananthapuram,Not specified,
Embedded Systems Engineer,"Aurangabad, Maharashtra",Aurangabad,Not specified,
Computer Hardware & Networking Engineer,"Andheri, Mumbai, Maharashtra",Andheri,"Up to ₹20,000 a month",240000.0
Field Engineer,"Ahmedabad, Gujarat",Ahmedabad,"₹13,000 - ₹20,000 a month",198000.0
Residential Computer Engineer Fresher,"Borivali, Mumbai, Maharashtra",Borivali,"₹8,000 - ₹12,000 a month",120000.0
Field Support Engineer,"Indore, Madhya Pradesh",Indore,"₹11,000 - ₹16,000 a month",162000.0
Computer Hardware & Networking Engineer,"Baramula, Jammu and Kashmir",Baramula,"₹10,000 - ₹18,000 a month",168000.0
Software Engineer,"Lucknow, Uttar Pradesh",Lucknow,Not specified,
Software Support Engineer,"Koramangala, Bengaluru, Karnataka",Koramangala,"₹20,000 - ₹30,000 a month",300000.0
Associate Software Engineer,"Vadodara, Gujarat",Vadodara,"₹2,40,000 - ₹5,50,000 a year",395000.0
Fresher software engineer in cyberpark,"Calicut, Kerala",Calicut,"₹9,000 - ₹13,000 a month",132000.0
Fresher software engineer intern,"Cannanore, Kerala",Cannanore,"₹9,000 - ₹13,000 a month",132000.0
Associate Engineer,"Somajiguda, Hyderabad, Telangana",Somajiguda,"₹45,000 - ₹60,000 a month",630000.0
Software Test Engineer,"Chennai, Tamil Nadu",Chennai,Not specified,
Software Engineer,"Calicut, Kerala",Calicut,Not specified,
Junior Software Engineer (Asp.net),"Kochi, Kerala",Kochi,"₹10,000 - ₹12,000 a month",132000.0
JUNIOR SOFTWARE TECHNICAL SUPPORT ENGINEER,"Kochi, Kerala",Kochi,"₹7,000 - ₹10,000 a month",102000.0
Software Engineer Internship Program,"Coimbatore, Tamil Nadu",Coimbatore,"From ₹10,000 a month",120000.0
Backend Developer,"Egmore, Chennai, Tamil Nadu",Egmore,"From ₹19,500 a month",234000.0
Python Developer,"Trichur, Kerala",Trichur,Not specified,
MERN Stack Fresher,"Thane, Maharashtra",Thane,"₹12,000 - ₹25,000 a month",222000.0
Web Developer,"Lucknow, Uttar Pradesh",Lucknow,Not specified,
Full stack Developer Fresher,"Saravanampatti, Coimbatore, Tamil Nadu",Saravanampatti,"₹5,000 - ₹10,000 a month",90000.0
Front End Developer,"Vadodara, Gujarat",Vadodara,Not specified,
Salesforce Developer,"Indore, Madhya Pradesh",Indore,Not specified,
Embedded Software Developer,"Vadodara, Gujarat",Vadodara,Not specified,
Full Stack Developer,"Ahmedabad, Gujarat",Ahmedabad,"₹10,000 - ₹40,000 a month",300000.0
IQ012 Full-stack Web Platform Developer,"Bengaluru, Karnataka",Bengaluru,Not specified,
Python Developer Intern,"Calicut, Kerala",Calicut,"₹3,500 - ₹12,000 a month",93000.0
Web Developer,"Lucknow, Uttar Pradesh",Lucknow,Not specified,
Backend Developer,"Mumbai, Maharashtra",Mumbai,Not specified,
Next Js Software Developer,"Faridabad, Haryana",Faridabad,"From ₹15,000 a month",180000.0
OutSystems Developer,"Satna, Madhya Pradesh",Satna,"₹2,00,000 - ₹5,00,000 a year",350000.0
Front-End Web Developer,"Surat, Gujarat",Surat,Not specified,
Data Base Developer,Delhi,Delhi,Not specified,
Front End Developer,"Vadodara, Gujarat",Vadodara,Not specified,
Intern PowerApps Developer,"Noida, Uttar Pradesh",Noida,"₹15,000 a month",180000.0
Angular Developer Intern/Fresher,"Noida, Uttar Pradesh",Noida,Not specified,
Jr. IOS Developer (Immediate Joinee),"Bhugaon, Pune, Maharashtra",Bhugaon,Not specified,
WordPress Developer,"Aurangabad, Maharashtra",Aurangabad,Not specified,
Electronics/Embedded Internship,"Mumbai, Maharashtra",Mumbai,Not specified,
ASP .Net Web Developer,"Ludhiana, Punjab",Ludhiana,Not specified,
React Native Developer,"Surat, Gujarat",Surat,Not specified,
Linux Server Admin,"Rajkot, Gujarat",Rajkot,Not specified,
Effulgence Manpower Solution - Parvati Darshan,"Parvati, Pune, Maharashtra",Parvati,Not specified,
iOS Developer,"Mohali, Punjab",Mohali,"₹12,000 - ₹35,000 a month",282000.0
Sr. Android Developer (Immediate Joiner),"Bhugaon, Pune, Maharashtra",Bhugaon,Not specified,
Support Executive,"Mumbai, Maharashtra",Mumbai,Not specified,
React Native Developer,"Mohali, Punjab",Mohali,"₹1,50,000 - ₹1,80,000 a year",165000.0
Smart PHP Developer,"Surat, Gujarat",Surat,Not specified,
Laravel Developer,"Vadodara, Gujarat",Vadodara,Not specified,
IOS Developer,"Indore, Madhya Pradesh",Indore,Not specified,
Associate Application Developer – Warehouse Automation,"Chennai, Tamil Nadu",Chennai,Not specified,
PHP Intern,"Zirakpur, Punjab",Zirakpur,Not specified,
PHP Developer (6 months to 2 years),"Mohali, Punjab",Mohali,Not specified,
PHP Developer,"Rajkot, Gujarat",Rajkot,"₹12,000 - ₹30,000 a month",252000.0
React Native Developer,"Kolkata, West Bengal",Kolkata,Not specified,
IOS/Android Developer,"Thiruvananthapuram, Kerala",Thiruvananthapuram,Not specified,
Backend Developer,"Egmore, Chennai, Tamil Nadu",Egmore,"From ₹19,500 a month",234000.0
Front End Developer,"Vadodara, Gujarat",Vadodara,Not specified,
Sr. Java Developer,"Bengaluru, Karnataka",Bengaluru,Not specified,
Dot Net Developer - Fresher,"Mumbai, Maharashtra",Mumbai,Not specified,
Junior QA Engineer,"Bengaluru, Karnataka",Bengaluru,Not specified,
Full Stack Developer Intern,"Mysuru, Karnataka",Mysuru,"₹5,000 - ₹12,000 a month",102000.0
Embedded Systems Developer (1,"Bengaluru, Karnataka",Bengaluru,Not specified,
ASP.NET Developer Freshers,"Ahmedabad, Gujarat",Ahmedabad,Not specified,
Jr. Flutter Developer (Fresher),"Indore, Madhya Pradesh",Indore,Not specified,
React.js Developer,"Anand, Gujarat",Anand,Not specified,
Web Developer,"Thane, Maharashtra",Thane,"₹15,000 - ₹20,000 a month",210000.0
JavaScript Developer,"Vadodara, Gujarat",Vadodara,Not specified,
React Native Developer,"Chennai, Tamil Nadu",Chennai,"₹10,000 - ₹50,000 a month",360000.0
Tech Lead / Senior / Junior Software Engineer – Java,"Mumbai, Maharashtra",Mumbai,Not specified,
Jr. Node js developer,"Malad, Mumbai, Maharashtra",Malad,"₹1,08,000 - ₹3,60,000 a year",234000.0
Low Latency Software Developer ( C++ ),"Gandhinagar, Gujarat",Gandhinagar,Not specified,
Full Stack Developer (Node / Mongo / React),"Chennai, Tamil Nadu",Chennai,Not specified,
Web Developer,"T Nagar, Chennai, Tamil Nadu",T Nagar,Not specified,
.Net Developer (Software Engineer - .Net),"Ahmedabad, Gujarat",Ahmedabad,Not specified,
.Net Developer (Software Engineer - .Net),"Ahmedabad, Gujarat",Ahmedabad,Not specified,
Looking for Node Js Developer,"Bhilai, Chhattisgarh",Bhilai,"₹20,000 - ₹35,000 a month",330000.0
Full Stack Developer,"Mumbai, Maharashtra",Mumbai,"₹15,000 - ₹20,000 a month",210000.0
Junior ASP.NET Developer,"Surat, Gujarat",Surat,Not specified,
iOS Developer,"Surat, Gujarat",Surat,"₹15,000 - ₹35,000 a month",300000.0
Full Stack Developer (.NET),"Navi Mumbai, Maharashtra",Navi Mumbai,Not specified,
Full Stack Developer,"Katargam, Surat, Gujarat",Katargam,"From ₹12,000 a month",144000.0
ASP.NET and SQL Developer,"Mahape, Maharashtra",Mahape,Not specified,
.NET Developer,"Chennai, Tamil Nadu",Chennai,Not specified,
Golang Developer,"Saket, Delhi, Delhi",Saket,Not specified,
Flutter Developer,"Vellore, Tamil Nadu",Vellore,"From ₹20,000 a month",240000.0
QA QA Engineer (Automation),"Rajkot, Gujarat",Rajkot,Not specified,
Flutter Developer Jobs,"Mira Road, Mumbai, Maharashtra",Mira Road,"₹1,50,000 - ₹4,50,000 a year",300000.0
Codeigniter Developer,"Surat, Gujarat",Surat,Not specified,
DOT NET WEB DEVELOPER,"Bengaluru, Karnataka",Bengaluru,Not specified,
Python/ PHP Developer,"Thiruvananthapuram, Kerala",Thiruvananthapuram,Not specified,
Junior IOS Developer,"Calicut, Kerala",Calicut,Not specified,
"Java,.net,Python,Android,Web Designing,Software Testing","Pune, Maharashtra",Pune,"₹49,000 a year",49000.0
Flutter Developer,"Surat, Gujarat",Surat,Not specified,
Junior Embedded Developer,"Bengaluru, Karnataka",Bengaluru,Not specified,
Flutter Developer,"Surat, Gujarat",Surat,Not specified,
Backend Developer,"Egmore, Chennai, Tamil Nadu",Egmore,"From ₹19,500 a month",234000.0
Software Developer Intern,"Noida, Uttar Pradesh",Noida,Not specified,
MERN Stack Fresher,"Thane, Maharashtra",Thane,"₹12,000 - ₹25,000 a month",222000.0
Full stack Developer Fresher,"Saravanampatti, Coimbatore, Tamil Nadu",Saravanampatti,"₹5,000 - ₹10,000 a month",90000.0
Full Stack Developer,"Ahmedabad, Gujarat",Ahmedabad,"₹10,000 - ₹40,000 a month",300000.0
Python Developer Intern,"Calicut, Kerala",Calicut,"₹3,500 - ₹12,000 a month",93000.0
Next Js Software Developer,"Faridabad, Haryana",Faridabad,"From ₹15,000 a month",180000.0
Trainee Technical Support cum Software Tester,"Navi Mumbai, Maharashtra",Navi Mumbai,Not specified,
Full Stack Developer,"Noida, Uttar Pradesh",Noida,"₹25,805 - ₹1,05,027 a month",784992.0
OutSystems Developer,"Satna, Madhya Pradesh",Satna,"₹2,00,000 - ₹5,00,000 a year",350000.0
Front-End Web Developer,"Surat, Gujarat",Surat,Not specified,
DevOps Intern,"Chennai, Tamil Nadu",Chennai,"₹1,00,000 - ₹2,00,000 a year",150000.0
Intern PowerApps Developer,"Noida, Uttar Pradesh",Noida,"₹15,000 a month",180000.0
Angular Developer Intern/Fresher,"Noida, Uttar Pradesh",Noida,Not specified,
Mobile App Team: Flutter Developer,"Saravanampatti, Coimbatore, Tamil Nadu",Saravanampatti,Not specified,
IoT Backend Software Developer Intern,"Nikol, Ahmedabad, Gujarat",Nikol,Not specified,
Software/Web Developer,"Jodhpur, Rajasthan",Jodhpur,Not specified,
Full Stack Developer Intern,"Chennai, Tamil Nadu",Chennai,"₹60,000 - ₹1,20,000 a year",90000.0
DotNet Developer - Fresher,"Hyderabad, Telangana",Hyderabad,Not specified,
Software Test Engineer,"Chennai, Tamil Nadu",Chennai,"₹12,000 - ₹18,000 a month",180000.0
MERN Stack Fresher,"Thane, Maharashtra",Thane,"₹12,000 - ₹25,000 a month",222000.0
Full-stack Developer (MERN),"Surat, Gujarat",Surat,"₹3,00,000 - ₹6,00,000 a year",450000.0
MERN Stack Developer,Remote,Remote,Not specified,
MERN Stack Intern,Remote,Remote,"₹3,00,000 - ₹5,00,000 a year",400000.0
MERN Stack Developer Intern,"Pune, Maharashtra",Pune,"₹12,577.90 - ₹15,000.00 a month",165467.0
MERN Stack Developer,"Chandigarh, Chandigarh",Chandigarh,"₹30,000 - ₹45,000 a month",450000.0
MERN Stack Developer,"Tiruchchirappalli, Tamil Nadu",Tiruchchirappalli,"₹20,000 - ₹30,000 a month",300000.0
Full Stack Developer Intern,"Nikol, Ahmedabad, Gujarat",Nikol,Not specified,
MERN Stack Developer,"Vashi, Navi Mumbai, Maharashtra",Vashi,"₹2,00,000 - ₹3,00,000 a year",250000.0
Full Stack Developer,"Panchkula, Haryana",Panchkula,"₹16,608.23 - ₹45,680.29 a month",373731.0
Full Stack Developer (1 year Exp),"Surat, Gujarat",Surat,"₹2,40,000 - ₹2,50,000 a year",245000.0
MERN Stack Developer,"Mahalaxmi Nagar, Indore, Madhya Pradesh",Mahalaxmi Nagar,"From ₹15,000 a month",180000.0
MERN Stack Developer,"Narikeldanga, West Bengal",Narikeldanga,"₹6,000 - ₹25,000 a month",186000.0
Full Stack Trainer - MERN/Python,"Bengaluru, Karnataka",Bengaluru,"₹3,00,000 - ₹5,00,000 a year",400000.0
ReactJS Developer (Intern),"Dwarka, Nashik, Maharashtra",Dwarka,"₹5,000 - ₹10,000 a month",90000.0
Industrial Training/Internship for Mern Stack Developer,"Mohali, Punjab",Mohali,Not specified,
Web Developer Intership,"Mumbai, Maharashtra",Mumbai,"₹6,000 - ₹15,000 a month",126000.0
MERN Stack Developer,"Baguihati, Kolkata, West Bengal",Baguihati,"₹10,000 - ₹20,000 a month",180000.0
MEAN/MERN STACK DEVELOPER,"Gandhinagar, Gujarat",Gandhinagar,Not specified,
Blockchain Consultants,"Saravanampatti, Coimbatore, Tamil Nadu",Saravanampatti,Not specified,
Full Stack Developer,"Katargam, Surat, Gujarat",Katargam,"From ₹12,000 a month",144000.0
Flutter Developer,"Vellore, Tamil Nadu",Vellore,"From ₹20,000 a month",240000.0
Quality Analyst Intern,"Satellite, Ahmedabad, Gujarat",Satellite,"₹5,000 - ₹7,000 a month",72000.0
Python Full Stack Developer Intern,"Pune, Maharashtra",Pune,"₹4,000 - ₹5,000 a month",54000.0
Angular Developer Intern,"Noida, Uttar Pradesh",Noida,"₹5,000 a month",60000.0
iOS Developer - Fresher,"Sahibzada Ajit Singh Nagar, Ludhiana, Punjab",Sahibzada Ajit Singh Nagar,Not specified,
Game Developer,"Calicut, Kerala",Calicut,Not specified,
React Native Developer,"Calicut, Kerala",Calicut,"₹8,000 - ₹25,000 a month",198000.0
PHP Developer,"Indore, Madhya Pradesh",Indore,Not specified,
Sr. iOS Developer,"Surat, Gujarat",Surat,Not specified,
Developer eLeaning,"Bhubaneswar, Orissa",Bhubaneswar,"₹7,000 - ₹10,000 a month",102000.0
ASP.NET Developer,"Pune, Maharashtra",Pune,"₹9,891.50 - ₹47,389.84 a month",343688.0
PHP Developer Trainee,"Adajan, Surat, Gujarat",Adajan,"₹8,000 - ₹14,000 a month",132000.0
Jr. Dot Net Developer,"Mohali, Punjab",Mohali,"₹10,000 - ₹15,000 a month",150000.0
Jr. PHP Developer,"Mohali, Punjab",Mohali,"₹5,000 - ₹15,000 a month",120000.0
PHP Developer,"Lucknow, Uttar Pradesh",Lucknow,"₹20,000.00 - ₹40,450.34 a month",362702.0
Dot Net Developer,"Calicut, Kerala",Calicut,"₹12,060.10 - ₹59,731.04 a month",430747.0
IOS Developer,"Mohali, Punjab",Mohali,"₹10,000 - ₹50,000 a month",360000.0
React Native Developer,"Mohali, Punjab",Mohali,"₹12,000 - ₹40,000 a month",312000.0
Sr. PHP Developer,"Nagpur, Maharashtra",Nagpur,"₹9,667.67 - ₹38,145.91 a month",286881.0
Full Stack Developer,"Katargam, Surat, Gujarat",Katargam,"From ₹12,000 a month",144000.0
Quality Analyst Intern,"Satellite, Ahmedabad, Gujarat",Satellite,"₹5,000 - ₹7,000 a month",72000.0
Python Full Stack Developer Intern,"Pune, Maharashtra",Pune,"₹4,000 - ₹5,000 a month",54000.0
Angular Developer Intern,"Noida, Uttar Pradesh",Noida,"₹5,000 a month",60000.0
Game Developer,"Calicut, Kerala",Calicut,Not specified,
PHP Developer,"Indore, Madhya Pradesh",Indore,Not specified,
Sr. iOS Developer,"Surat, Gujarat",Surat,Not specified,
Jr. Dot Net Developer,"Mohali, Punjab",Mohali,"₹10,000 - ₹15,000 a month",150000.0
Jr. PHP Developer,"Mohali, Punjab",Mohali,"₹5,000 - ₹15,000 a month",120000.0
Dot Net Developer,"Calicut, Kerala",Calicut,"₹12,060.10 - ₹59,731.04 a month",430747.0
IOS Developer,"Mohali, Punjab",Mohali,"₹10,000 - ₹50,000 a month",360000.0
React Native Developer,"Mohali, Punjab",Mohali,"₹12,000 - ₹40,000 a month",312000.0
MBA Internship,"Noida, Uttar Pradesh",Noida,"₹15,000 - ₹25,000 a month",240000.0
Flutter Developer,"Mohali, Punjab",Mohali,"₹10,000 - ₹20,000 a month",180000.0
Dot Net Developer,"Mohali, Punjab",Mohali,"₹15,000 - ₹40,000 a month",330000.0
Flutter Developer,"Surat, Gujarat",Surat,"₹10,000 - ₹25,000 a month",210000.0
Ruby on Rails Developer,"New Mankapur, Nagpur, Maharashtra",New Mankapur,"₹1,20,000.49 - ₹2,50,000.73 a year",185001.0
PHP Developer,"Nagercoil, Tamil Nadu",Nagercoil,"₹10,000 - ₹25,000 a month",210000.0
React Native Developer,"Mota Varachha, Surat, Gujarat",Mota Varachha,Not specified,
IT Support Executive,"Jaipur, Rajasthan",Jaipur,"₹15,000 - ₹18,000 a month",198000.0
Backend Developer,"Egmore, Chennai, Tamil Nadu",Egmore,"From ₹19,500 a month",234000.0
Web Developer,"Thane, Maharashtra",Thane,"₹15,000 - ₹20,000 a month",210000.0
Trainee GIS Application Developer,"Hyderabad, Telangana",Hyderabad,Not specified,
Looking for Node Js Developer,"Bhilai, Chhattisgarh",Bhilai,"₹20,000 - ₹35,000 a month",330000.0
Software Engineer / Developer (Laravel and Angular framework),"Mumbai, Maharashtra",Mumbai,Not specified,
Full Stack Developer,"Mumbai, Maharashtra",Mumbai,"₹15,000 - ₹20,000 a month",210000.0
WordPress Developer,"Thergaon, Pune, Maharashtra",Thergaon,Not specified,
Junior ASP.NET Developer,"Surat, Gujarat",Surat,Not specified,
React JS Developer 3-5 Years,"Bengaluru, Karnataka",Bengaluru,"₹4,00,000 - ₹8,00,000 a year",600000.0
Junior PHP Developer,"Bengaluru, Karnataka",Bengaluru,Not specified,
Junior PHP Developer,"Delhi, Delhi",Delhi,Not specified,
Flutter Developer (Intern),"Noida, Uttar Pradesh",Noida,"₹2,00,000 - ₹3,00,000 a year",250000.0
Wordpress Developer,"Navi Mumbai, Maharashtra",Navi Mumbai,Not specified,
iOS Developer,"Surat, Gujarat",Surat,"₹15,000 - ₹35,000 a month",300000.0
Software Engineer - PHP ( Full-time / Part-time Internship ),"Thane, Maharashtra",Thane,Not specified,
Full Stack Developer (.NET),"Navi Mumbai, Maharashtra",Navi Mumbai,Not specified,
Full Stack Developer,"Katargam, Surat, Gujarat",Katargam,"From ₹12,000 a month",144000.0
ASP.NET and SQL Developer,"Mahape, Maharashtra",Mahape,Not specified,
No Code Platform Bubble.io Developer,"Surat, Gujarat",Surat,Not specified,
Linux Developer,"Baner, Pune, Maharashtra",Baner,"From ₹25,000 a month",300000.0
Python Developer,"Kochi, Kerala",Kochi,Not specified,
SOFTWARE DEVELOPER,"Chennai, Tamil Nadu",Chennai,Not specified,
Java J2EE / WEB / API developers,"Bengaluru, Karnataka",Bengaluru,"₹2,40,000 - ₹6,00,000 a year",420000.0
Software Developer Intern,"Thiruvananthapuram, Kerala",Thiruvananthapuram,Not specified,
Software Developer/Front-end,"Kolkata, West Bengal",Kolkata,Not specified,
Software Developer,"Chennai, Tamil Nadu",Chennai,Not specified,
Java Freshers,"Delhi, Delhi",Delhi,Not specified,
Backend Developer,"Egmore, Chennai, Tamil Nadu",Egmore,"From ₹19,500 a month",234000.0
Trainee Software Developer,"Indore, Madhya Pradesh",Indore,Not specified,
Java Developer (Fresher),"Navi Mumbai, Maharashtra",Navi Mumbai,Not specified,
Software Engineer (Fresher) - TI,"Bengaluru, Karnataka",Bengaluru,"₹3,00,000 - ₹5,00,000 a year",400000.0
Software Intern,Remote,Remote,Not specified,
Software Developer (.NET Platform) Fresher,"Ahmedabad, Gujarat",Ahmedabad,Not specified,
Junior Software Developer,"Vijayawada, Andhra Pradesh",Vijayawada,"₹20,000 - ₹25,000 a month",270000.0
ENGINEER TRAINEE- SOFTWARE DEVELOPMENT,"Kottayam, Kerala",Kottayam,Not specified,
Web Developer (Intern),"Navi Mumbai, Maharashtra",Navi Mumbai,Not specified,
Software Developer,"Gurugram, Haryana",Gurugram,"₹2,00,000 - ₹4,00,000 a year",300000.0
Software Developer - Java,"Delhi, Delhi",Delhi,Not specified,
Java Developer,"Coimbatore, Tamil Nadu",Coimbatore,Not specified,
Software Developer,"Nagpur, Maharashtra",Nagpur,Not specified,
Android Developer (JAVA/ XML/ SQLite/ Realm Java/ Retrofit),"Chennai, Tamil Nadu",Chennai,Not specified,
Jr. IOS Developer (Immediate Joinee),"Bhugaon, Pune, Maharashtra",Bhugaon,Not specified,
Business Analyst – Content Developer Kolkata,"Kolkata, West Bengal",Kolkata,Not specified,
Angular Developer (Experienced),"Hyderabad, Telangana",Hyderabad,Not specified,
Software Tester Trainer,"Navrangpura, Ahmedabad, Gujarat",Navrangpura,"₹5,000 - ₹8,000 a month",78000.0
UX- Figma Developer,"Noida, Uttar Pradesh",Noida,Not specified,
iOS Development,"Bengaluru, Karnataka",Bengaluru,Not specified,
IOS Developer,"Mohali, Punjab",Mohali,"₹10,000 - ₹50,000 a month",360000.0
WordPress Developer,"Aurangabad, Maharashtra",Aurangabad,Not specified,
Flutter Developer,"Mohali, Punjab",Mohali,"₹10,000 - ₹20,000 a month",180000.0
Electronics/Embedded Internship,"Mumbai, Maharashtra",Mumbai,Not specified,
ASP .Net Web Developer,"Ludhiana, Punjab",Ludhiana,Not specified,
PHP Backend Developer,"Hubli, Karnataka",Hubli,Not specified,
Magento Developers,"Coimbatore, Tamil Nadu",Coimbatore,Not specified,
React Native Developer,"Surat, Gujarat",Surat,Not specified,
Vue.js Developer,"Anand, Gujarat",Anand,Not specified,
PHP Developer,"Mira Road, Mumbai, Maharashtra",Mira Road,Not specified,
JUNIOR PYTHON DEVELOPER - FEMALE,"Gandhipuram, Coimbatore, Tamil Nadu",Gandhipuram,"₹8,000 - ₹10,000 a month",108000.0
FEMALE JUNIOR PYTHON DEVELOPER,"Gandhipuram, Coimbatore, Tamil Nadu",Gandhipuram,"₹8,000 - ₹10,000 a month",108000.0
DOT NET Developer,"Thane, Maharashtra",Thane,Not specified,
iOS Developer,"Mohali, Punjab",Mohali,"₹12,000 - ₹35,000 a month",282000.0
PHP Web Developer,"Lucknow, Uttar Pradesh",Lucknow,"From ₹7,000 a month",84000.0
Senior PHP Developer,"Vadodara, Gujarat",Vadodara,"From ₹10,000 a month",120000.0
Customer Support Engineer,"Calicut, Kerala",Calicut,"₹7,500 - ₹12,000 a month",117000.0
Sr. iOS Developer,"Katargam, Surat, Gujarat",Katargam,"₹25,000 - ₹50,000 a month",450000.0
PHP Developer (Fresher/Entry Level),"Indore, Madhya Pradesh",Indore,Not specified,
PHP Developer,"Rajkot, Gujarat",Rajkot,"₹12,000 - ₹30,000 a month",252000.0
Graphic & Web Designer,"Mohali, Punjab",Mohali,"₹10,000 - ₹20,000 a month",180000.0
Wordpress Developer,"Ambala, Haryana",Ambala,"₹5,000 - ₹8,000 a month",78000.0
Flutter Developer,"Salt Lake, Kolkata, West Bengal",Salt Lake,"₹8,000 - ₹25,000 a month",198000.0
Flutter DEVELOPERS” (Mobile App Developer),"Palghar, Maharashtra",Palghar,Not specified,
Sr. Android Developer,"Surat, Gujarat",Surat,Not specified,
Backend Developer,"Egmore, Chennai, Tamil Nadu",Egmore,"From ₹19,500 a month",234000.0
Software Developer Intern,"Noida, Uttar Pradesh",Noida,Not specified,
Software Test Engineer,"Bengaluru, Karnataka",Bengaluru,"Up to ₹3,00,000 a year",300000.0
Python Developer,"Trichur, Kerala",Trichur,Not specified,
MERN Stack Fresher,"Thane, Maharashtra",Thane,"₹12,000 - ₹25,000 a month",222000.0
"ReactJS Developer(hiring Freshers ,looking for female candidates)","Gurugram, Haryana",Gurugram,"₹15,000 - ₹40,000 a month",330000.0
Innobot Health is hiring for freshers as Trainee RPA Developer,"Mysuru, Karnataka",Mysuru,"₹15,173.42 - ₹35,001.02 a month",301047.0
Full Stack Dot.Net Developer (FRESHERS),"Kochi, Kerala",Kochi,Not specified,
Software Developer Trainee,"Meerut, Uttar Pradesh",Meerut,Not specified,
Fresher / Jr.Software Developer,Gujarat,Gujarat,"₹7,000 - ₹15,000 a month",132000.0
Software Developer,"Vadodara, Gujarat",Vadodara,Not specified,
Software Developer,"Arera Colony, Bhopal, Madhya Pradesh",Arera Colony,"₹12,000 - ₹25,000 a month",222000.0
Web Developer,"Lucknow, Uttar Pradesh",Lucknow,Not specified,
Full stack Developer Fresher,"Saravanampatti, Coimbatore, Tamil Nadu",Saravanampatti,"₹5,000 - ₹10,000 a month",90000.0
Software Developer (ASP.Net),"Gurugram, Haryana",Gurugram,Not specified,
Urgent Hiring for Software Tester ( QA ) Fresher,"Ahmedabad, Gujarat",Ahmedabad,"₹1,20,000 - ₹1,35,000 a year",127500.0
Angular Developer – Fresher,"Bengaluru, Karnataka",Bengaluru,Not specified,
Front End Developer,"Vadodara, Gujarat",Vadodara,Not specified,
Salesforce Developer,"Indore, Madhya Pradesh",Indore,Not specified,
Embedded Software Developer,"Vadodara, Gujarat",Vadodara,Not specified,
Backend Developer,"Egmore, Chennai, Tamil Nadu",Egmore,"From ₹19,500 a month",234000.0
Software Developers Java,"Chennai, Tamil Nadu",Chennai,Not specified,
Software Developer Intern,"Noida, Uttar Pradesh",Noida,Not specified,
Developer - FullStack (Python),"Bengaluru, Karnataka",Bengaluru,Not specified,
Software Test Engineer,"Bengaluru, Karnataka",Bengaluru,"Up to ₹3,00,000 a year",300000.0
Python Developer,"Trichur, Kerala",Trichur,Not specified,
MERN Stack Fresher,"Thane, Maharashtra",Thane,"₹12,000 - ₹25,000 a month",222000.0
FRONT END DEVELOPER,"Pune, Maharashtra",Pune,Not specified,
Mobile App Developer - Freshers,"Banaswadi, Bengaluru, Karnataka",Banaswadi,Not specified,
"ReactJS Developer(hiring Freshers ,looking for female candidates)","Gurugram, Haryana",Gurugram,"₹15,000 - ₹40,000 a month",330000.0
Innobot Health is hiring for freshers as Trainee RPA Developer,"Mysuru, Karnataka",Mysuru,"₹15,173.42 - ₹35,001.02 a month",301047.0
Full Stack Dot.Net Developer (FRESHERS),"Kochi, Kerala",Kochi,Not specified,
Software Developer Trainee,"Meerut, Uttar Pradesh",Meerut,Not specified,
Fresher / Jr.Software Developer,Gujarat,Gujarat,"₹7,000 - ₹15,000 a month",132000.0
Software Developer,"Vadodara, Gujarat",Vadodara,Not specified,
Software Developer (.Net),"Coimbatore, Tamil Nadu",Coimbatore,"₹15,000 - ₹20,000 a month",210000.0
Software Developers,"Thane, Maharashtra",Thane,Not specified,
Java Developer,"Chennai, Tamil Nadu",Chennai,"₹1,80,000 a year",180000.0
Software Developer,"Arera Colony, Bhopal, Madhya Pradesh",Arera Colony,"₹12,000 - ₹25,000 a month",222000.0
Intern Software Developer [Local Vadodara Only],"Vadodara, Gujarat",Vadodara,Not specified,
Software Engineer Trainee,"Kochi, Kerala",Kochi,"₹1,50,000 - ₹1,80,000 a year",165000.0
Technical Support Engineer,"Raigarh Fort, Maharashtra",Raigarh Fort,"₹8,000 - ₹12,000 a month",120000.0
Network Support Engineer,"Kolkata, West Bengal",Kolkata,"₹8,000 - ₹20,000 a month",168000.0
Jr. Software Engineer,"Dehra Dun, Uttarakhand",Dehra Dun,"₹10,000 - ₹22,000 a month",192000.0
Full Stack Developer,"Calicut, Kerala",Calicut,Not specified,
Internship Network Engineer,"Saibaba Colony, Coimbatore, Tamil Nadu",Saibaba Colony,"₹10,000 a month",120000.0
Embedded Software Engineer,"Visakhapatnam, Andhra Pradesh",Visakhapatnam,"From ₹8,086 a month",97032.0
Software Engineer- DevOps,"Bengaluru, Karnataka",Bengaluru,Not specified,
Software Engineer - Data Engineer,"Bengaluru, Karnataka",Bengaluru,Not specified,
Technical Support Engineer,"Bengaluru, Karnataka",Bengaluru,"₹2,50,000 - ₹3,00,000 a year",275000.0
Software Engineer - Fullstack,"Bengaluru, Karnataka",Bengaluru,Not specified,
Software Test Engineer (QA),"Kolkata, West Bengal",Kolkata,Not specified,
UI/UX Designer,"Mohali, Punjab",Mohali,"₹12,613.13 - ₹15,000.00 a month",165679.0
IT Field Service Engineer,"Marol Naka, Mumbai, Maharashtra",Marol Naka,"₹15,000 - ₹25,000 a month",240000.0
iOS Application Developer,"Noida, Uttar Pradesh",Noida,"Up to ₹60,000 a month",720000.0
Hardware & Network Engineer Fresher,"Indore, Madhya Pradesh",Indore,"₹5,000 - ₹6,000 a month",66000.0
Associate Software Engineer- (1 - 3 yrs.),"Kochi, Kerala",Kochi,Not specified,
QA Trainee,"Noida, Uttar Pradesh",Noida,Not specified,
Full Stack Developer,"Airoli, Navi Mumbai, Maharashtra",Airoli,"₹10,37,031.81 - ₹17,02,419.63 a year",1369726.0
Sr. Software Engineer (Team Lead),"Gurugram, Haryana",Gurugram,"₹30,00,000 - ₹40,00,000 a year",3500000.0
QA QA Engineer (Automation),"Rajkot, Gujarat",Rajkot,Not specified,
DOT NET WEB DEVELOPER,"Bengaluru, Karnataka",Bengaluru,Not specified,
Android Developer (JAVA/ XML/ SQLite/ Realm Java/ Retrofit),"Chennai, Tamil Nadu",Chennai,Not specified,
iPhone Developer,"Coimbatore, Tamil Nadu",Coimbatore,Not specified,
Jr. IOS Developer (Immediate Joinee),"Bhugaon, Pune, Maharashtra",Bhugaon,Not specified,
Web/PHP CodeIgniter Developer,"Mira Road, Mumbai, Maharashtra",Mira Road,"₹2,40,000 - ₹8,00,000 a year",520000.0
Business Analyst – Content Developer Kolkata,"Kolkata, West Bengal",Kolkata,Not specified,
Angular Developer (Experienced),"Hyderabad, Telangana",Hyderabad,Not specified,
Ruby on Rails (ROR) Developer (Freshers welcome),"Gurugram, Haryana",Gurugram,Not specified,
iOS Developer,"Rajkot, Gujarat",Rajkot,Not specified,
PHP Developer,"Thane, Maharashtra",Thane,Not specified,
Software Tester Trainer,"Navrangpura, Ahmedabad, Gujarat",Navrangpura,"₹5,000 - ₹8,000 a month",78000.0
UX- Figma Developer,"Noida, Uttar Pradesh",Noida,Not specified,
iOS Development,"Bengaluru, Karnataka",Bengaluru,Not specified,
IOS Developer,"Mohali, Punjab",Mohali,"₹10,000 - ₹50,000 a month",360000.0
WordPress Developer,"Aurangabad, Maharashtra",Aurangabad,Not specified,
Flutter Developer,"Mohali, Punjab",Mohali,"₹10,000 - ₹20,000 a month",180000.0
Python Developer,"Chennai, Tamil Nadu",Chennai,"₹1,80,000 a year",180000.0
Electronics/Embedded Internship,"Mumbai, Maharashtra",Mumbai,Not specified,
ASP .Net Web Developer,"Ludhiana, Punjab",Ludhiana,Not specified,
Backend Developer,"Egmore, Chennai, Tamil Nadu",Egmore,"From ₹19,500 a month",234000.0
Web Developer (Intern),"Navi Mumbai, Maharashtra",Navi Mumbai,Not specified,
Software Developers Java,"Chennai, Tamil Nadu",Chennai,Not specified,
Junior Web Developer (Trainee),"Bengaluru, Karnataka",Bengaluru,Not specified,
Web developer,"Mumbai, Maharashtra",Mumbai,Not specified,
Software Developers,"Bhopal, Madhya Pradesh",Bhopal,Not specified,
Software Engineer / Developer (.Net Technologies),"Mumbai, Maharashtra",Mumbai,Not specified,
Trainee Software Developer Fresher,"Vadodara, Gujarat",Vadodara,Not specified,
Software Developer Intern,"Noida, Uttar Pradesh",Noida,Not specified,
Developer - FullStack (Python),"Bengaluru, Karnataka",Bengaluru,Not specified,
Python Developer,"Saket, Delhi, Delhi",Saket,Not specified,
Software Test Engineer,"Bengaluru, Karnataka",Bengaluru,"Up to ₹3,00,000 a year",300000.0
Python Developer,"Trichur, Kerala",Trichur,Not specified,
MERN Stack Fresher,"Thane, Maharashtra",Thane,"₹12,000 - ₹25,000 a month",222000.0
Business Analyst Intern,"Gurugram, Haryana",Gurugram,"₹17,500 a month",210000.0
FRONT END DEVELOPER,"Pune, Maharashtra",Pune,Not specified,
Mobile App Developer - Freshers,"Banaswadi, Bengaluru, Karnataka",Banaswadi,Not specified,
"ReactJS Developer(hiring Freshers ,looking for female candidates)","Gurugram, Haryana",Gurugram,"₹15,000 - ₹40,000 a month",330000.0
Innobot Health is hiring for freshers as Trainee RPA Developer,"Mysuru, Karnataka",Mysuru,"₹15,173.42 - ₹35,001.02 a month",301047.0
Full Stack Dot.Net Developer (FRESHERS),"Kochi, Kerala",Kochi,Not specified,
Jr. IOS Developer (Immediate Joinee),"Bhugaon, Pune, Maharashtra",Bhugaon,Not specified,
Sr. Android Developer (Immediate Joiner),"Bhugaon, Pune, Maharashtra",Bhugaon,Not specified,
Support Executive,"Mumbai, Maharashtra",Mumbai,Not specified,
Smart PHP Developer,"Surat, Gujarat",Surat,Not specified,
Sr. iOS Developer,"Katargam, Surat, Gujarat",Katargam,"₹25,000 - ₹50,000 a month",450000.0
IOS Developer,"Indore, Madhya Pradesh",Indore,Not specified,
PHP Developer (6 months to 2 years),"Mohali, Punjab",Mohali,Not specified,
React Native Developer,"Kolkata, West Bengal",Kolkata,Not specified,
IOS/Android Developer,"Thiruvananthapuram, Kerala",Thiruvananthapuram,Not specified,
ASP.NET Developer,"Konnagar, West Bengal",Konnagar,"₹8,000 - ₹12,000 a month",120000.0
Graphic & Web Designer,"Mohali, Punjab",Mohali,"₹10,000 - ₹20,000 a month",180000.0
Wordpress Developer,"Ambala, Haryana",Ambala,"₹5,000 - ₹8,000 a month",78000.0
Junior PHP Developer,"Indore, Madhya Pradesh",Indore,"₹7,000 - ₹10,000 a month",102000.0
Perl Developer,"Ahmedabad, Gujarat",Ahmedabad,"₹1,75,000 - ₹2,75,000 a year",225000.0
Flutter DEVELOPERS” (Mobile App Developer),"Palghar, Maharashtra",Palghar,Not specified,
PHP Developer,"Udaipur, Rajasthan",Udaipur,Not specified,
PHP Developer,"Ludhiana, Punjab",Ludhiana,Not specified,
ASP.NET developer,"Ambala, Haryana",Ambala,Not specified,
Laravel Developer,"Sahibzada Ajit Singh Nagar, Ludhiana, Punjab",Sahibzada Ajit Singh Nagar,Not specified,
PHP/CI Developer,"Bhankrota, Jaipur, Rajasthan",Bhankrota,"From ₹15,000 a month",180000.0
AWS Cloud Engineer Immediate Joiners,"Nashik, Maharashtra",Nashik,Not specified,
Application Engineer,"Yeshwanthpur, Bengaluru, Karnataka",Yeshwanthpur,"₹2,40,000 - ₹3,50,000 a year",295000.0
Embedded Software Engineer (Fresher),"Indiranagar, Bengaluru, Karnataka",Indiranagar,"₹5,000 - ₹15,000 a month",120000.0
Associate Software Engineer - On Job Training (OJT) Program,"Malkajgiri, Hyderabad, Telangana",Malkajgiri,"From ₹1,20,000 a year",120000.0
Machine Learning Engineer,"Tambaram West, Chennai, Tamil Nadu",Tambaram West,"From ₹12,000 a month",144000.0
Automation Test Engineer,"Noida, Uttar Pradesh",Noida,"Up to ₹35,000 a month",420000.0
Software Developer,"Gandhidham, Gujarat",Gandhidham,"₹1,80,000 a year",180000.0
Embedded Engineer,"Ambattur, Chennai, Tamil Nadu",Ambattur,"₹20,000 - ₹25,000 a month",270000.0
Software Engineer,"Calicut, Kerala",Calicut,"₹12,000 - ₹15,000 a month",162000.0
Python Backend Developer,"Ahmedabad, Gujarat",Ahmedabad,"₹12,000 - ₹50,000 a month",372000.0
Technical Support Engineer,"Egmore, Chennai, Tamil Nadu",Egmore,"₹20,000 - ₹35,000 a month",330000.0
Systems Engineer,India,India,Not specified,
STE (Software Test Engineer) | STAE ( Software Test Automation Engineer ),"Hyderabad, Telangana",Hyderabad,Not specified,
L1 Engineer (Hyderabad and Bangalore location),"Hyderabad, Telangana",Hyderabad,"Up to ₹1,80,000 a year",180000.0
Software Engineer Java BE,"Hyderabad District, Telangana",Hyderabad District,Not specified,
Design Engineer (CATIA Software) Female candidate only,"Pune, Maharashtra",Pune,"₹12,000 - ₹15,000 a month",162000.0
TECHNICAL LEAD,"Noida, Uttar Pradesh",Noida,Not specified,
Technical Support Engineer Trainee,"Chennai, Tamil Nadu",Chennai,"₹12,000 - ₹15,000 a month",162000.0
Senior Platform Engineer,"Thiruvananthapuram, Kerala",Thiruvananthapuram,Not specified,
Android Developer,"Mahesana, Gujarat",Mahesana,"₹7,000 - ₹10,000 a month",102000.0
Backend Developer,"Egmore, Chennai, Tamil Nadu",Egmore,"From ₹19,500 a month",234000.0
Dot Net Developer - Fresher,"Mumbai, Maharashtra",Mumbai,Not specified,
ASP.NET Developer Freshers,"Ahmedabad, Gujarat",Ahmedabad,Not specified,
Jr. Flutter Developer (Fresher),"Indore, Madhya Pradesh",Indore,Not specified,
Web Developer,"Thane, Maharashtra",Thane,"₹15,000 - ₹20,000 a month",210000.0
Full Stack Developer (Node / Mongo / React),"Chennai, Tamil Nadu",Chennai,Not specified,
.Net Developer (Software Engineer - .Net),"Ahmedabad, Gujarat",Ahmedabad,Not specified,
.Net Developer (Software Engineer - .Net),"Ahmedabad, Gujarat",Ahmedabad,Not specified,
Trainee GIS Application Developer,"Hyderabad, Telangana",Hyderabad,Not specified,
Looking for Node Js Developer,"Bhilai, Chhattisgarh",Bhilai,"₹20,000 - ₹35,000 a month",330000.0
Software Engineer / Developer (Laravel and Angular framework),"Mumbai, Maharashtra",Mumbai,Not specified,
Full Stack Developer,"Mumbai, Maharashtra",Mumbai,"₹15,000 - ₹20,000 a month",210000.0
Web Developer,"Noida, Uttar Pradesh",Noida,Not specified,
WordPress Developer,"Thergaon, Pune, Maharashtra",Thergaon,Not specified,
Junior ASP.NET Developer,"Surat, Gujarat",Surat,Not specified,
React JS Developer 3-5 Years,"Bengaluru, Karnataka",Bengaluru,"₹4,00,000 - ₹8,00,000 a year",600000.0
Junior PHP Developer,"Bengaluru, Karnataka",Bengaluru,Not specified,
Angular Developer,"Navi Mumbai, Maharashtra",Navi Mumbai,"₹2,55,123.16 - ₹10,50,925.25 a year",653024.0
Junior PHP Developer,"Delhi, Delhi",Delhi,Not specified,
Flutter Developer (Intern),"Noida, Uttar Pradesh",Noida,"₹2,00,000 - ₹3,00,000 a year",250000.0
